{
  "id": "2624083",
  "name": "表情包",
  "font_family": "iconfont",
  "css_prefix_text": "icon-",
  "description": "",
  "glyphs": [
    {
      "icon_id": "21466372",
      "name": "happy (2)",
      "font_class": "happy2",
      "unicode": "e736",
      "unicode_decimal": 59190
    },
    {
      "icon_id": "21466373",
      "name": "alien",
      "font_class": "alien",
      "unicode": "e737",
      "unicode_decimal": 59191
    },
    {
      "icon_id": "21466374",
      "name": "laughing",
      "font_class": "laughing",
      "unicode": "e738",
      "unicode_decimal": 59192
    },
    {
      "icon_id": "21466375",
      "name": "happy",
      "font_class": "happy",
      "unicode": "e739",
      "unicode_decimal": 59193
    },
    {
      "icon_id": "21466376",
      "name": "crying (2)",
      "font_class": "crying2",
      "unicode": "e73a",
      "unicode_decimal": 59194
    },
    {
      "icon_id": "21466377",
      "name": "child",
      "font_class": "child",
      "unicode": "e73b",
      "unicode_decimal": 59195
    },
    {
      "icon_id": "21466378",
      "name": "confused",
      "font_class": "confused",
      "unicode": "e73c",
      "unicode_decimal": 59196
    },
    {
      "icon_id": "21466379",
      "name": "cool",
      "font_class": "cool",
      "unicode": "e73d",
      "unicode_decimal": 59197
    },
    {
      "icon_id": "21466380",
      "name": "ninja",
      "font_class": "ninja",
      "unicode": "e73e",
      "unicode_decimal": 59198
    },
    {
      "icon_id": "21466381",
      "name": "puzzle",
      "font_class": "puzzle",
      "unicode": "e73f",
      "unicode_decimal": 59199
    },
    {
      "icon_id": "21466382",
      "name": "romantic",
      "font_class": "romantic",
      "unicode": "e740",
      "unicode_decimal": 59200
    },
    {
      "icon_id": "21466383",
      "name": "dull",
      "font_class": "dull",
      "unicode": "e741",
      "unicode_decimal": 59201
    },
    {
      "icon_id": "21466384",
      "name": "drunk",
      "font_class": "drunk",
      "unicode": "e742",
      "unicode_decimal": 59202
    },
    {
      "icon_id": "21466385",
      "name": "shy",
      "font_class": "shy",
      "unicode": "e743",
      "unicode_decimal": 59203
    },
    {
      "icon_id": "21466386",
      "name": "wondering",
      "font_class": "wondering",
      "unicode": "e744",
      "unicode_decimal": 59204
    },
    {
      "icon_id": "21466387",
      "name": "sleepy",
      "font_class": "sleepy",
      "unicode": "e745",
      "unicode_decimal": 59205
    },
    {
      "icon_id": "21466388",
      "name": "thief",
      "font_class": "thief",
      "unicode": "e746",
      "unicode_decimal": 59206
    },
    {
      "icon_id": "21466389",
      "name": "sweating",
      "font_class": "sweating",
      "unicode": "e747",
      "unicode_decimal": 59207
    },
    {
      "icon_id": "21466390",
      "name": "surprise",
      "font_class": "surprise",
      "unicode": "e748",
      "unicode_decimal": 59208
    },
    {
      "icon_id": "21466391",
      "name": "grinning",
      "font_class": "grinning",
      "unicode": "e749",
      "unicode_decimal": 59209
    },
    {
      "icon_id": "21466392",
      "name": "clown",
      "font_class": "clown",
      "unicode": "e74a",
      "unicode_decimal": 59210
    },
    {
      "icon_id": "21466393",
      "name": "muted",
      "font_class": "muted",
      "unicode": "e74b",
      "unicode_decimal": 59211
    },
    {
      "icon_id": "21466394",
      "name": "angel",
      "font_class": "angel",
      "unicode": "e74c",
      "unicode_decimal": 59212
    },
    {
      "icon_id": "21466395",
      "name": "amazed",
      "font_class": "amazed",
      "unicode": "e74d",
      "unicode_decimal": 59213
    },
    {
      "icon_id": "21466396",
      "name": "cheeky",
      "font_class": "cheeky",
      "unicode": "e74e",
      "unicode_decimal": 59214
    },
    {
      "icon_id": "21466397",
      "name": "dead",
      "font_class": "dead",
      "unicode": "e74f",
      "unicode_decimal": 59215
    },
    {
      "icon_id": "21466398",
      "name": "devil",
      "font_class": "devil",
      "unicode": "e750",
      "unicode_decimal": 59216
    },
    {
      "icon_id": "21466399",
      "name": "angry",
      "font_class": "angry",
      "unicode": "e751",
      "unicode_decimal": 59217
    },
    {
      "icon_id": "21466400",
      "name": "baffled",
      "font_class": "baffled",
      "unicode": "e752",
      "unicode_decimal": 59218
    },
    {
      "icon_id": "21466401",
      "name": "nerd (2)",
      "font_class": "nerd2",
      "unicode": "e753",
      "unicode_decimal": 59219
    },
    {
      "icon_id": "21466402",
      "name": "hockey",
      "font_class": "hockey",
      "unicode": "e754",
      "unicode_decimal": 59220
    },
    {
      "icon_id": "21466403",
      "name": "famous",
      "font_class": "famous",
      "unicode": "e755",
      "unicode_decimal": 59221
    },
    {
      "icon_id": "21466404",
      "name": "nerd",
      "font_class": "nerd",
      "unicode": "e756",
      "unicode_decimal": 59222
    },
    {
      "icon_id": "21466405",
      "name": "in-love",
      "font_class": "in-love",
      "unicode": "e757",
      "unicode_decimal": 59223
    },
    {
      "icon_id": "21466406",
      "name": "wink",
      "font_class": "wink",
      "unicode": "e758",
      "unicode_decimal": 59224
    },
    {
      "icon_id": "21466407",
      "name": "kiss",
      "font_class": "kiss",
      "unicode": "e759",
      "unicode_decimal": 59225
    },
    {
      "icon_id": "21466408",
      "name": "pukin",
      "font_class": "pukin",
      "unicode": "e75a",
      "unicode_decimal": 59226
    },
    {
      "icon_id": "21466409",
      "name": "crying",
      "font_class": "crying",
      "unicode": "e75b",
      "unicode_decimal": 59227
    },
    {
      "icon_id": "21466410",
      "name": "greed",
      "font_class": "greed",
      "unicode": "e75c",
      "unicode_decimal": 59228
    },
    {
      "icon_id": "21466411",
      "name": "sad",
      "font_class": "sad",
      "unicode": "e75d",
      "unicode_decimal": 59229
    }
  ]
}
